[{"model": "contenttypes.contenttype", "pk": 1, "fields": {"app_label": "admin", "model": "logentry"}}, {"model": "contenttypes.contenttype", "pk": 2, "fields": {"app_label": "auth", "model": "permission"}}, {"model": "contenttypes.contenttype", "pk": 3, "fields": {"app_label": "auth", "model": "group"}}, {"model": "contenttypes.contenttype", "pk": 4, "fields": {"app_label": "auth", "model": "user"}}, {"model": "contenttypes.contenttype", "pk": 5, "fields": {"app_label": "contenttypes", "model": "contenttype"}}, {"model": "contenttypes.contenttype", "pk": 6, "fields": {"app_label": "sessions", "model": "session"}}, {"model": "contenttypes.contenttype", "pk": 7, "fields": {"app_label": "store", "model": "costumer"}}, {"model": "contenttypes.contenttype", "pk": 8, "fields": {"app_label": "store", "model": "product"}}, {"model": "contenttypes.contenttype", "pk": 9, "fields": {"app_label": "store", "model": "orderitem"}}, {"model": "contenttypes.contenttype", "pk": 10, "fields": {"app_label": "store", "model": "order"}}, {"model": "contenttypes.contenttype", "pk": 11, "fields": {"app_label": "store", "model": "shippingaddress"}}, {"model": "sessions.session", "pk": "by8wkf6gjr0ahlak2oortigs0qzbrebi", "fields": {"session_data": "NzBhY2Q4ZDY4YWU5YTNlYzE3Zjg3ZmRiN2VjZjViODU5MTYxNTkwZTp7fQ==", "expire_date": "2020-07-28T12:29:07.114Z"}}, {"model": "sessions.session", "pk": "dhz8vtofr1qg58fez689kgscxdh3vb38", "fields": {"session_data": "ZWRkZDU1ODkzNjlkOWY5MGFkNGQwOWIyNjU1YzNhODQwMTQyNmNjZTp7Il9hdXRoX3VzZXJfaWQiOiIxIiwiX2F1dGhfdXNlcl9iYWNrZW5kIjoiZGphbmdvLmNvbnRyaWIuYXV0aC5iYWNrZW5kcy5Nb2RlbEJhY2tlbmQiLCJfYXV0aF91c2VyX2hhc2giOiJlNmRhMDAxY2UwMDVlN2IxMTg2MTViZjExNDg2MDBlZmYxMmRiODFkIn0=", "expire_date": "2020-07-29T13:41:21.452Z"}}, {"model": "sessions.session", "pk": "f8da4dipu4jm4idd9yc4aqa2y0gc684u", "fields": {"session_data": "ZDUzMGJhYzE5ZjEyMWRhYjg3YWNmYTI2YmViYmNhMWU4YzVmOWYxNTp7Il9hdXRoX3VzZXJfaWQiOiIzIiwiX2F1dGhfdXNlcl9iYWNrZW5kIjoiZGphbmdvLmNvbnRyaWIuYXV0aC5iYWNrZW5kcy5Nb2RlbEJhY2tlbmQiLCJfYXV0aF91c2VyX2hhc2giOiIxMjljNDcwYTBmYjExN2Y3YjY0ZjQ5MGYxMGEyYWExNDA5OGVkN2JlIn0=", "expire_date": "2020-07-06T19:34:02.619Z"}}, {"model": "sessions.session", "pk": "mx5f1o5lz32cynts5a67zdy752tesy5b", "fields": {"session_data": "NzBhY2Q4ZDY4YWU5YTNlYzE3Zjg3ZmRiN2VjZjViODU5MTYxNTkwZTp7fQ==", "expire_date": "2020-07-28T12:13:32.660Z"}}, {"model": "sessions.session", "pk": "omu8ccvsxggogk6m7dhi0620wxj338t0", "fields": {"session_data": "NzBhY2Q4ZDY4YWU5YTNlYzE3Zjg3ZmRiN2VjZjViODU5MTYxNTkwZTp7fQ==", "expire_date": "2020-07-28T12:28:19.873Z"}}, {"model": "sessions.session", "pk": "q0le726lm0kzemaygg4mjma9gwfusuha", "fields": {"session_data": "ZWRkZDU1ODkzNjlkOWY5MGFkNGQwOWIyNjU1YzNhODQwMTQyNmNjZTp7Il9hdXRoX3VzZXJfaWQiOiIxIiwiX2F1dGhfdXNlcl9iYWNrZW5kIjoiZGphbmdvLmNvbnRyaWIuYXV0aC5iYWNrZW5kcy5Nb2RlbEJhY2tlbmQiLCJfYXV0aF91c2VyX2hhc2giOiJlNmRhMDAxY2UwMDVlN2IxMTg2MTViZjExNDg2MDBlZmYxMmRiODFkIn0=", "expire_date": "2020-07-29T13:42:39.629Z"}}, {"model": "sessions.session", "pk": "rapg6qnd6rw3whx1aq7dsm8upr25pb64", "fields": {"session_data": "NzBhY2Q4ZDY4YWU5YTNlYzE3Zjg3ZmRiN2VjZjViODU5MTYxNTkwZTp7fQ==", "expire_date": "2020-07-28T12:14:27.887Z"}}, {"model": "sessions.session", "pk": "sq3zkfgs3giuht5jh00oimamdy6dv0rj", "fields": {"session_data": "ZWRkZDU1ODkzNjlkOWY5MGFkNGQwOWIyNjU1YzNhODQwMTQyNmNjZTp7Il9hdXRoX3VzZXJfaWQiOiIxIiwiX2F1dGhfdXNlcl9iYWNrZW5kIjoiZGphbmdvLmNvbnRyaWIuYXV0aC5iYWNrZW5kcy5Nb2RlbEJhY2tlbmQiLCJfYXV0aF91c2VyX2hhc2giOiJlNmRhMDAxY2UwMDVlN2IxMTg2MTViZjExNDg2MDBlZmYxMmRiODFkIn0=", "expire_date": "2020-07-01T12:31:24.406Z"}}, {"model": "sessions.session", "pk": "t2yolkfx0zahobmmoaa2rb2hk5zsjwnl", "fields": {"session_data": "ZTRjY2M5ZTA5ZDlkNThhMzI3YzM2NWIyNjQ1MjIxNGEyZjA5MjkyZDp7Il9hdXRoX3VzZXJfaWQiOiI3IiwiX2F1dGhfdXNlcl9iYWNrZW5kIjoiZGphbmdvLmNvbnRyaWIuYXV0aC5iYWNrZW5kcy5Nb2RlbEJhY2tlbmQiLCJfYXV0aF91c2VyX2hhc2giOiI1NWVlNDI1MzE3ZGYzY2UzNzQyMGE3ZGQwMmI2M2U2NGJjMDJiMzk5In0=", "expire_date": "2020-07-29T12:20:40.977Z"}}, {"model": "sessions.session", "pk": "x97njg2pjkgcui63l0g42oztdcyb2zzv", "fields": {"session_data": "ZWRkZDU1ODkzNjlkOWY5MGFkNGQwOWIyNjU1YzNhODQwMTQyNmNjZTp7Il9hdXRoX3VzZXJfaWQiOiIxIiwiX2F1dGhfdXNlcl9iYWNrZW5kIjoiZGphbmdvLmNvbnRyaWIuYXV0aC5iYWNrZW5kcy5Nb2RlbEJhY2tlbmQiLCJfYXV0aF91c2VyX2hhc2giOiJlNmRhMDAxY2UwMDVlN2IxMTg2MTViZjExNDg2MDBlZmYxMmRiODFkIn0=", "expire_date": "2020-07-29T18:30:04.846Z"}}, {"model": "store.product", "pk": 1, "fields": {"name": "Raqueta", "price": 150.0, "digital": false, "image": "descarga_6.jpg"}}, {"model": "store.product", "pk": 2, "fields": {"name": "boya", "price": 300.0, "digital": false, "image": "picture_of_the_sandy_beach_coconut_trees_165913.jpg"}}, {"model": "store.product", "pk": 3, "fields": {"name": "bolo", "price": 200.0, "digital": false, "image": "descarga_7.jpg"}}, {"model": "store.product", "pk": 4, "fields": {"name": "BTC", "price": 7900.0, "digital": true, "image": "descarga_5.jpg"}}, {"model": "store.order", "pk": 1, "fields": {"costumer": null, "date_ordered": "2020-06-12T18:42:07.391Z", "complete": true, "transaction_id": "22222323"}}, {"model": "store.order", "pk": 2, "fields": {"costumer": null, "date_ordered": "2020-06-12T20:15:20.609Z", "complete": true, "transaction_id": "654465"}}, {"model": "store.order", "pk": 3, "fields": {"costumer": null, "date_ordered": "2020-06-14T17:20:25.897Z", "complete": true, "transaction_id": null}}, {"model": "store.order", "pk": 4, "fields": {"costumer": null, "date_ordered": "2020-06-14T17:22:41.803Z", "complete": true, "transaction_id": null}}, {"model": "store.order", "pk": 5, "fields": {"costumer": null, "date_ordered": "2020-06-14T17:37:46.906Z", "complete": true, "transaction_id": null}}, {"model": "store.order", "pk": 6, "fields": {"costumer": null, "date_ordered": "2020-06-14T17:44:14.165Z", "complete": true, "transaction_id": null}}, {"model": "store.order", "pk": 7, "fields": {"costumer": null, "date_ordered": "2020-06-14T17:48:30.310Z", "complete": true, "transaction_id": null}}, {"model": "store.order", "pk": 8, "fields": {"costumer": null, "date_ordered": "2020-06-14T17:53:03.711Z", "complete": true, "transaction_id": null}}, {"model": "store.order", "pk": 9, "fields": {"costumer": null, "date_ordered": "2020-06-14T17:59:24.423Z", "complete": false, "transaction_id": null}}, {"model": "store.order", "pk": 10, "fields": {"costumer": null, "date_ordered": "2020-06-16T15:25:30.131Z", "complete": false, "transaction_id": null}}, {"model": "store.order", "pk": 11, "fields": {"costumer": null, "date_ordered": "2020-06-16T15:38:49.670Z", "complete": false, "transaction_id": null}}, {"model": "store.order", "pk": 12, "fields": {"costumer": null, "date_ordered": "2020-06-16T15:40:18.926Z", "complete": false, "transaction_id": null}}, {"model": "store.order", "pk": 13, "fields": {"costumer": null, "date_ordered": "2020-06-16T15:48:17.552Z", "complete": false, "transaction_id": null}}, {"model": "store.order", "pk": 14, "fields": {"costumer": null, "date_ordered": "2020-06-16T15:50:13.210Z", "complete": true, "transaction_id": null}}, {"model": "store.order", "pk": 15, "fields": {"costumer": null, "date_ordered": "2020-06-16T15:52:41.709Z", "complete": true, "transaction_id": null}}, {"model": "store.order", "pk": 16, "fields": {"costumer": null, "date_ordered": "2020-06-16T16:10:31.849Z", "complete": true, "transaction_id": null}}, {"model": "store.order", "pk": 17, "fields": {"costumer": null, "date_ordered": "2020-06-17T11:22:45.188Z", "complete": false, "transaction_id": null}}, {"model": "store.order", "pk": 18, "fields": {"costumer": null, "date_ordered": "2020-06-17T11:54:14.254Z", "complete": false, "transaction_id": null}}, {"model": "store.order", "pk": 19, "fields": {"costumer": null, "date_ordered": "2020-06-17T12:12:20.193Z", "complete": false, "transaction_id": null}}, {"model": "store.order", "pk": 20, "fields": {"costumer": null, "date_ordered": "2020-06-17T12:13:54.733Z", "complete": false, "transaction_id": null}}, {"model": "store.order", "pk": 21, "fields": {"costumer": null, "date_ordered": "2020-06-17T12:19:37.833Z", "complete": false, "transaction_id": null}}, {"model": "store.order", "pk": 22, "fields": {"costumer": null, "date_ordered": "2020-06-17T12:28:12.443Z", "complete": false, "transaction_id": null}}, {"model": "store.order", "pk": 23, "fields": {"costumer": null, "date_ordered": "2020-06-17T12:28:25.764Z", "complete": false, "transaction_id": null}}, {"model": "store.order", "pk": 24, "fields": {"costumer": null, "date_ordered": "2020-06-17T12:30:41.354Z", "complete": false, "transaction_id": null}}, {"model": "store.order", "pk": 25, "fields": {"costumer": 8, "date_ordered": "2020-06-17T12:35:53.207Z", "complete": true, "transaction_id": null}}, {"model": "store.order", "pk": 26, "fields": {"costumer": 8, "date_ordered": "2020-06-17T13:07:23.378Z", "complete": true, "transaction_id": null}}, {"model": "store.order", "pk": 27, "fields": {"costumer": 8, "date_ordered": "2020-06-17T14:27:40.378Z", "complete": true, "transaction_id": null}}, {"model": "store.order", "pk": 28, "fields": {"costumer": null, "date_ordered": "2020-06-22T12:50:05.376Z", "complete": true, "transaction_id": null}}, {"model": "store.order", "pk": 34, "fields": {"costumer": 13, "date_ordered": "2020-06-22T18:38:40.152Z", "complete": true, "transaction_id": null}}, {"model": "store.order", "pk": 35, "fields": {"costumer": 13, "date_ordered": "2020-06-22T18:39:24.284Z", "complete": false, "transaction_id": null}}, {"model": "store.order", "pk": 36, "fields": {"costumer": 8, "date_ordered": "2020-06-22T18:55:41.382Z", "complete": false, "transaction_id": null}}, {"model": "store.order", "pk": 37, "fields": {"costumer": 14, "date_ordered": "2020-06-22T19:34:05.910Z", "complete": true, "transaction_id": null}}, {"model": "store.order", "pk": 38, "fields": {"costumer": 14, "date_ordered": "2020-06-22T19:35:15.978Z", "complete": false, "transaction_id": null}}, {"model": "store.order", "pk": 39, "fields": {"costumer": 15, "date_ordered": "2020-07-14T12:55:31.333Z", "complete": false, "transaction_id": null}}, {"model": "store.order", "pk": 40, "fields": {"costumer": 17, "date_ordered": "2020-07-14T13:05:38.336Z", "complete": false, "transaction_id": null}}, {"model": "store.order", "pk": 41, "fields": {"costumer": 18, "date_ordered": "2020-07-14T13:06:40.015Z", "complete": true, "transaction_id": null}}, {"model": "store.order", "pk": 42, "fields": {"costumer": 18, "date_ordered": "2020-07-15T13:17:51.346Z", "complete": false, "transaction_id": null}}, {"model": "store.order", "pk": 43, "fields": {"costumer": 19, "date_ordered": "2020-07-15T13:44:07.445Z", "complete": false, "transaction_id": null}}, {"model": "store.order", "pk": 44, "fields": {"costumer": 20, "date_ordered": "2020-07-15T14:21:48.191Z", "complete": false, "transaction_id": null}}, {"model": "store.order", "pk": 45, "fields": {"costumer": 21, "date_ordered": "2020-07-15T18:29:52.636Z", "complete": true, "transaction_id": null}}, {"model": "store.order", "pk": 46, "fields": {"costumer": 22, "date_ordered": "2020-07-15T18:30:22.141Z", "complete": false, "transaction_id": null}}, {"model": "store.order", "pk": 47, "fields": {"costumer": 23, "date_ordered": "2020-07-15T18:35:09.758Z", "complete": false, "transaction_id": null}}, {"model": "store.order", "pk": 48, "fields": {"costumer": 21, "date_ordered": "2020-07-15T19:39:25.694Z", "complete": true, "transaction_id": null}}, {"model": "store.order", "pk": 49, "fields": {"costumer": 24, "date_ordered": "2020-07-16T19:35:43.016Z", "complete": true, "transaction_id": null}}, {"model": "store.order", "pk": 50, "fields": {"costumer": 25, "date_ordered": "2020-07-16T20:11:07.667Z", "complete": false, "transaction_id": null}}, {"model": "store.order", "pk": 51, "fields": {"costumer": 26, "date_ordered": "2020-07-16T20:12:23.367Z", "complete": false, "transaction_id": null}}, {"model": "store.order", "pk": 52, "fields": {"costumer": 25, "date_ordered": "2020-07-16T20:14:20.724Z", "complete": false, "transaction_id": null}}, {"model": "store.order", "pk": 53, "fields": {"costumer": 21, "date_ordered": "2020-07-17T18:45:30.289Z", "complete": false, "transaction_id": null}}, {"model": "store.orderitem", "pk": 28, "fields": {"product": 4, "order": 1, "quantity": 8, "data_added": "2020-06-13T19:27:57.888Z"}}, {"model": "store.orderitem", "pk": 30, "fields": {"product": 2, "order": 1, "quantity": 2, "data_added": "2020-06-14T13:03:51.118Z"}}, {"model": "store.orderitem", "pk": 31, "fields": {"product": 1, "order": 3, "quantity": 2, "data_added": "2020-06-14T17:21:00.270Z"}}, {"model": "store.orderitem", "pk": 32, "fields": {"product": 1, "order": 3, "quantity": 1, "data_added": "2020-06-14T17:21:17.523Z"}}, {"model": "store.orderitem", "pk": 33, "fields": {"product": 2, "order": 3, "quantity": 1, "data_added": "2020-06-14T17:21:25.238Z"}}, {"model": "store.orderitem", "pk": 34, "fields": {"product": 1, "order": 4, "quantity": 2, "data_added": "2020-06-14T17:23:53.378Z"}}, {"model": "store.orderitem", "pk": 35, "fields": {"product": 2, "order": 4, "quantity": 1, "data_added": "2020-06-14T17:23:55.804Z"}}, {"model": "store.orderitem", "pk": 36, "fields": {"product": 2, "order": 4, "quantity": 2, "data_added": "2020-06-14T17:24:01.063Z"}}, {"model": "store.orderitem", "pk": 37, "fields": {"product": 2, "order": 4, "quantity": 4, "data_added": "2020-06-14T17:24:03.550Z"}}, {"model": "store.orderitem", "pk": 38, "fields": {"product": 2, "order": 4, "quantity": 4, "data_added": "2020-06-14T17:24:04.341Z"}}, {"model": "store.orderitem", "pk": 39, "fields": {"product": 2, "order": 4, "quantity": 4, "data_added": "2020-06-14T17:24:05.610Z"}}, {"model": "store.orderitem", "pk": 40, "fields": {"product": 2, "order": 4, "quantity": 3, "data_added": "2020-06-14T17:24:08.000Z"}}, {"model": "store.orderitem", "pk": 41, "fields": {"product": 1, "order": 4, "quantity": 1, "data_added": "2020-06-14T17:24:51.223Z"}}, {"model": "store.orderitem", "pk": 42, "fields": {"product": 1, "order": 4, "quantity": 1, "data_added": "2020-06-14T17:25:14.065Z"}}, {"model": "store.orderitem", "pk": 43, "fields": {"product": 1, "order": 5, "quantity": 1, "data_added": "2020-06-14T17:37:56.434Z"}}, {"model": "store.orderitem", "pk": 44, "fields": {"product": 2, "order": 5, "quantity": 1, "data_added": "2020-06-14T17:38:06.464Z"}}, {"model": "store.orderitem", "pk": 45, "fields": {"product": 1, "order": 5, "quantity": 2, "data_added": "2020-06-14T17:43:29.396Z"}}, {"model": "store.orderitem", "pk": 46, "fields": {"product": 2, "order": 5, "quantity": 3, "data_added": "2020-06-14T17:43:50.904Z"}}, {"model": "store.orderitem", "pk": 47, "fields": {"product": 2, "order": 5, "quantity": 4, "data_added": "2020-06-14T17:43:52.938Z"}}, {"model": "store.orderitem", "pk": 48, "fields": {"product": 2, "order": 5, "quantity": 5, "data_added": "2020-06-14T17:43:56.970Z"}}, {"model": "store.orderitem", "pk": 49, "fields": {"product": 2, "order": 5, "quantity": 1, "data_added": "2020-06-14T17:44:01.113Z"}}, {"model": "store.orderitem", "pk": 50, "fields": {"product": 2, "order": 5, "quantity": 1, "data_added": "2020-06-14T17:44:04.567Z"}}, {"model": "store.orderitem", "pk": 51, "fields": {"product": 2, "order": 5, "quantity": 1, "data_added": "2020-06-14T17:44:05.387Z"}}, {"model": "store.orderitem", "pk": 52, "fields": {"product": 1, "order": 6, "quantity": 1, "data_added": "2020-06-14T17:44:51.725Z"}}, {"model": "store.orderitem", "pk": 53, "fields": {"product": 1, "order": 6, "quantity": 1, "data_added": "2020-06-14T17:44:55.942Z"}}, {"model": "store.orderitem", "pk": 54, "fields": {"product": 1, "order": 7, "quantity": 1, "data_added": "2020-06-14T17:48:39.557Z"}}, {"model": "store.orderitem", "pk": 55, "fields": {"product": 1, "order": 7, "quantity": 1, "data_added": "2020-06-14T17:48:53.183Z"}}, {"model": "store.orderitem", "pk": 56, "fields": {"product": 2, "order": 7, "quantity": 1, "data_added": "2020-06-14T17:48:55.726Z"}}, {"model": "store.orderitem", "pk": 57, "fields": {"product": 1, "order": 8, "quantity": 5, "data_added": "2020-06-14T17:53:13.682Z"}}, {"model": "store.orderitem", "pk": 59, "fields": {"product": 1, "order": 8, "quantity": 1, "data_added": "2020-06-14T17:55:31.918Z"}}, {"model": "store.orderitem", "pk": 60, "fields": {"product": 1, "order": 8, "quantity": 2, "data_added": "2020-06-14T17:57:00.034Z"}}, {"model": "store.orderitem", "pk": 61, "fields": {"product": 1, "order": 8, "quantity": 2, "data_added": "2020-06-14T17:57:02.875Z"}}, {"model": "store.orderitem", "pk": 62, "fields": {"product": 1, "order": 8, "quantity": 2, "data_added": "2020-06-14T17:57:03.742Z"}}, {"model": "store.orderitem", "pk": 63, "fields": {"product": 1, "order": 8, "quantity": 2, "data_added": "2020-06-14T17:57:11.764Z"}}, {"model": "store.orderitem", "pk": 64, "fields": {"product": 1, "order": 8, "quantity": 1, "data_added": "2020-06-14T17:57:15.438Z"}}, {"model": "store.orderitem", "pk": 65, "fields": {"product": 1, "order": 8, "quantity": 2, "data_added": "2020-06-14T17:57:19.912Z"}}, {"model": "store.orderitem", "pk": 66, "fields": {"product": 1, "order": 8, "quantity": 3, "data_added": "2020-06-14T17:57:23.813Z"}}, {"model": "store.orderitem", "pk": 67, "fields": {"product": 1, "order": 8, "quantity": 2, "data_added": "2020-06-14T17:59:09.103Z"}}, {"model": "store.orderitem", "pk": 77, "fields": {"product": 1, "order": null, "quantity": 4, "data_added": "2020-06-15T19:54:11.655Z"}}, {"model": "store.orderitem", "pk": 78, "fields": {"product": 3, "order": null, "quantity": 3, "data_added": "2020-06-15T19:54:11.669Z"}}, {"model": "store.orderitem", "pk": 79, "fields": {"product": 2, "order": 10, "quantity": 4, "data_added": "2020-06-16T15:25:30.142Z"}}, {"model": "store.orderitem", "pk": 80, "fields": {"product": 3, "order": 10, "quantity": 12, "data_added": "2020-06-16T15:25:30.147Z"}}, {"model": "store.orderitem", "pk": 81, "fields": {"product": 2, "order": 10, "quantity": 9, "data_added": "2020-06-16T15:25:30.156Z"}}, {"model": "store.orderitem", "pk": 82, "fields": {"product": 2, "order": 10, "quantity": 4, "data_added": "2020-06-16T15:32:10.859Z"}}, {"model": "store.orderitem", "pk": 83, "fields": {"product": 3, "order": 10, "quantity": 12, "data_added": "2020-06-16T15:32:10.867Z"}}, {"model": "store.orderitem", "pk": 84, "fields": {"product": 2, "order": 10, "quantity": 9, "data_added": "2020-06-16T15:32:10.872Z"}}, {"model": "store.orderitem", "pk": 85, "fields": {"product": 2, "order": 10, "quantity": 4, "data_added": "2020-06-16T15:33:12.549Z"}}, {"model": "store.orderitem", "pk": 86, "fields": {"product": 3, "order": 10, "quantity": 12, "data_added": "2020-06-16T15:33:12.556Z"}}, {"model": "store.orderitem", "pk": 87, "fields": {"product": 2, "order": 10, "quantity": 9, "data_added": "2020-06-16T15:33:12.564Z"}}, {"model": "store.orderitem", "pk": 88, "fields": {"product": 2, "order": 10, "quantity": 4, "data_added": "2020-06-16T15:38:13.858Z"}}, {"model": "store.orderitem", "pk": 89, "fields": {"product": 3, "order": 10, "quantity": 12, "data_added": "2020-06-16T15:38:13.865Z"}}, {"model": "store.orderitem", "pk": 90, "fields": {"product": 2, "order": 10, "quantity": 9, "data_added": "2020-06-16T15:38:13.873Z"}}, {"model": "store.orderitem", "pk": 91, "fields": {"product": 2, "order": 11, "quantity": 4, "data_added": "2020-06-16T15:38:49.679Z"}}, {"model": "store.orderitem", "pk": 92, "fields": {"product": 3, "order": 11, "quantity": 12, "data_added": "2020-06-16T15:38:49.686Z"}}, {"model": "store.orderitem", "pk": 93, "fields": {"product": 2, "order": 11, "quantity": 9, "data_added": "2020-06-16T15:38:49.692Z"}}, {"model": "store.orderitem", "pk": 94, "fields": {"product": 2, "order": 12, "quantity": 4, "data_added": "2020-06-16T15:40:18.935Z"}}, {"model": "store.orderitem", "pk": 95, "fields": {"product": 3, "order": 12, "quantity": 12, "data_added": "2020-06-16T15:40:18.942Z"}}, {"model": "store.orderitem", "pk": 96, "fields": {"product": 2, "order": 12, "quantity": 9, "data_added": "2020-06-16T15:40:18.949Z"}}, {"model": "store.orderitem", "pk": 97, "fields": {"product": 2, "order": 12, "quantity": 4, "data_added": "2020-06-16T15:43:24.912Z"}}, {"model": "store.orderitem", "pk": 98, "fields": {"product": 3, "order": 12, "quantity": 12, "data_added": "2020-06-16T15:43:24.920Z"}}, {"model": "store.orderitem", "pk": 99, "fields": {"product": 2, "order": 12, "quantity": 9, "data_added": "2020-06-16T15:43:24.928Z"}}, {"model": "store.orderitem", "pk": 100, "fields": {"product": 2, "order": 13, "quantity": 4, "data_added": "2020-06-16T15:48:17.561Z"}}, {"model": "store.orderitem", "pk": 101, "fields": {"product": 3, "order": 13, "quantity": 12, "data_added": "2020-06-16T15:48:17.567Z"}}, {"model": "store.orderitem", "pk": 102, "fields": {"product": 2, "order": 13, "quantity": 9, "data_added": "2020-06-16T15:48:17.575Z"}}, {"model": "store.orderitem", "pk": 103, "fields": {"product": 2, "order": 14, "quantity": 4, "data_added": "2020-06-16T15:50:13.219Z"}}, {"model": "store.orderitem", "pk": 104, "fields": {"product": 3, "order": 14, "quantity": 12, "data_added": "2020-06-16T15:50:13.226Z"}}, {"model": "store.orderitem", "pk": 105, "fields": {"product": 2, "order": 14, "quantity": 9, "data_added": "2020-06-16T15:50:13.233Z"}}, {"model": "store.orderitem", "pk": 106, "fields": {"product": 2, "order": 15, "quantity": 4, "data_added": "2020-06-16T15:52:41.718Z"}}, {"model": "store.orderitem", "pk": 107, "fields": {"product": 3, "order": 15, "quantity": 12, "data_added": "2020-06-16T15:52:41.725Z"}}, {"model": "store.orderitem", "pk": 108, "fields": {"product": 2, "order": 15, "quantity": 9, "data_added": "2020-06-16T15:52:41.732Z"}}, {"model": "store.orderitem", "pk": 109, "fields": {"product": 2, "order": 16, "quantity": 4, "data_added": "2020-06-16T16:10:31.859Z"}}, {"model": "store.orderitem", "pk": 110, "fields": {"product": 3, "order": 16, "quantity": 9, "data_added": "2020-06-16T16:10:31.865Z"}}, {"model": "store.orderitem", "pk": 111, "fields": {"product": 2, "order": 16, "quantity": 9, "data_added": "2020-06-16T16:10:31.873Z"}}, {"model": "store.orderitem", "pk": 112, "fields": {"product": 2, "order": 17, "quantity": 5, "data_added": "2020-06-17T11:22:45.194Z"}}, {"model": "store.orderitem", "pk": 113, "fields": {"product": 3, "order": 17, "quantity": 10, "data_added": "2020-06-17T11:22:45.205Z"}}, {"model": "store.orderitem", "pk": 114, "fields": {"product": 2, "order": 17, "quantity": 9, "data_added": "2020-06-17T11:22:45.212Z"}}, {"model": "store.orderitem", "pk": 115, "fields": {"product": 2, "order": 17, "quantity": 5, "data_added": "2020-06-17T11:24:33.463Z"}}, {"model": "store.orderitem", "pk": 116, "fields": {"product": 3, "order": 17, "quantity": 10, "data_added": "2020-06-17T11:24:33.469Z"}}, {"model": "store.orderitem", "pk": 117, "fields": {"product": 2, "order": 17, "quantity": 9, "data_added": "2020-06-17T11:24:33.480Z"}}, {"model": "store.orderitem", "pk": 118, "fields": {"product": 2, "order": 17, "quantity": 5, "data_added": "2020-06-17T11:26:31.260Z"}}, {"model": "store.orderitem", "pk": 119, "fields": {"product": 3, "order": 17, "quantity": 10, "data_added": "2020-06-17T11:26:31.269Z"}}, {"model": "store.orderitem", "pk": 120, "fields": {"product": 2, "order": 17, "quantity": 9, "data_added": "2020-06-17T11:26:31.279Z"}}, {"model": "store.orderitem", "pk": 121, "fields": {"product": 2, "order": 17, "quantity": 5, "data_added": "2020-06-17T11:27:52.192Z"}}, {"model": "store.orderitem", "pk": 122, "fields": {"product": 3, "order": 17, "quantity": 10, "data_added": "2020-06-17T11:27:52.203Z"}}, {"model": "store.orderitem", "pk": 123, "fields": {"product": 2, "order": 17, "quantity": 9, "data_added": "2020-06-17T11:27:52.211Z"}}, {"model": "store.orderitem", "pk": 124, "fields": {"product": 2, "order": 17, "quantity": 5, "data_added": "2020-06-17T11:42:56.425Z"}}, {"model": "store.orderitem", "pk": 125, "fields": {"product": 3, "order": 17, "quantity": 10, "data_added": "2020-06-17T11:42:56.434Z"}}, {"model": "store.orderitem", "pk": 126, "fields": {"product": 2, "order": 17, "quantity": 9, "data_added": "2020-06-17T11:42:56.445Z"}}, {"model": "store.orderitem", "pk": 127, "fields": {"product": 2, "order": 17, "quantity": 5, "data_added": "2020-06-17T11:43:46.975Z"}}, {"model": "store.orderitem", "pk": 128, "fields": {"product": 3, "order": 17, "quantity": 10, "data_added": "2020-06-17T11:43:46.983Z"}}, {"model": "store.orderitem", "pk": 129, "fields": {"product": 2, "order": 17, "quantity": 9, "data_added": "2020-06-17T11:43:46.993Z"}}, {"model": "store.orderitem", "pk": 130, "fields": {"product": 2, "order": 17, "quantity": 5, "data_added": "2020-06-17T11:45:01.947Z"}}, {"model": "store.orderitem", "pk": 131, "fields": {"product": 3, "order": 17, "quantity": 10, "data_added": "2020-06-17T11:45:01.958Z"}}, {"model": "store.orderitem", "pk": 132, "fields": {"product": 2, "order": 17, "quantity": 9, "data_added": "2020-06-17T11:45:01.966Z"}}, {"model": "store.orderitem", "pk": 133, "fields": {"product": 2, "order": 17, "quantity": 5, "data_added": "2020-06-17T11:46:34.630Z"}}, {"model": "store.orderitem", "pk": 134, "fields": {"product": 3, "order": 17, "quantity": 10, "data_added": "2020-06-17T11:46:34.638Z"}}, {"model": "store.orderitem", "pk": 135, "fields": {"product": 2, "order": 17, "quantity": 9, "data_added": "2020-06-17T11:46:34.651Z"}}, {"model": "store.orderitem", "pk": 136, "fields": {"product": 2, "order": 17, "quantity": 5, "data_added": "2020-06-17T11:46:48.957Z"}}, {"model": "store.orderitem", "pk": 137, "fields": {"product": 3, "order": 17, "quantity": 10, "data_added": "2020-06-17T11:46:48.968Z"}}, {"model": "store.orderitem", "pk": 138, "fields": {"product": 2, "order": 17, "quantity": 9, "data_added": "2020-06-17T11:46:48.976Z"}}, {"model": "store.orderitem", "pk": 139, "fields": {"product": 2, "order": 17, "quantity": 5, "data_added": "2020-06-17T11:51:46.895Z"}}, {"model": "store.orderitem", "pk": 140, "fields": {"product": 3, "order": 17, "quantity": 10, "data_added": "2020-06-17T11:51:46.904Z"}}, {"model": "store.orderitem", "pk": 141, "fields": {"product": 2, "order": 17, "quantity": 9, "data_added": "2020-06-17T11:51:46.915Z"}}, {"model": "store.orderitem", "pk": 142, "fields": {"product": 2, "order": 17, "quantity": 5, "data_added": "2020-06-17T11:54:05.322Z"}}, {"model": "store.orderitem", "pk": 143, "fields": {"product": 3, "order": 17, "quantity": 10, "data_added": "2020-06-17T11:54:05.334Z"}}, {"model": "store.orderitem", "pk": 144, "fields": {"product": 2, "order": 17, "quantity": 9, "data_added": "2020-06-17T11:54:05.344Z"}}, {"model": "store.orderitem", "pk": 145, "fields": {"product": 2, "order": 18, "quantity": 5, "data_added": "2020-06-17T11:54:14.263Z"}}, {"model": "store.orderitem", "pk": 146, "fields": {"product": 3, "order": 18, "quantity": 10, "data_added": "2020-06-17T11:54:14.273Z"}}, {"model": "store.orderitem", "pk": 147, "fields": {"product": 2, "order": 18, "quantity": 9, "data_added": "2020-06-17T11:54:14.280Z"}}, {"model": "store.orderitem", "pk": 148, "fields": {"product": 2, "order": 17, "quantity": 5, "data_added": "2020-06-17T11:54:23.353Z"}}, {"model": "store.orderitem", "pk": 149, "fields": {"product": 3, "order": 17, "quantity": 10, "data_added": "2020-06-17T11:54:23.362Z"}}, {"model": "store.orderitem", "pk": 150, "fields": {"product": 2, "order": 17, "quantity": 9, "data_added": "2020-06-17T11:54:23.374Z"}}, {"model": "store.orderitem", "pk": 151, "fields": {"product": 2, "order": 17, "quantity": 5, "data_added": "2020-06-17T11:54:34.923Z"}}, {"model": "store.orderitem", "pk": 152, "fields": {"product": 3, "order": 17, "quantity": 10, "data_added": "2020-06-17T11:54:34.934Z"}}, {"model": "store.orderitem", "pk": 153, "fields": {"product": 2, "order": 17, "quantity": 9, "data_added": "2020-06-17T11:54:34.946Z"}}, {"model": "store.orderitem", "pk": 154, "fields": {"product": 2, "order": 17, "quantity": 5, "data_added": "2020-06-17T11:54:50.721Z"}}, {"model": "store.orderitem", "pk": 155, "fields": {"product": 3, "order": 17, "quantity": 10, "data_added": "2020-06-17T11:54:50.730Z"}}, {"model": "store.orderitem", "pk": 156, "fields": {"product": 2, "order": 17, "quantity": 9, "data_added": "2020-06-17T11:54:50.740Z"}}, {"model": "store.orderitem", "pk": 157, "fields": {"product": 2, "order": 17, "quantity": 5, "data_added": "2020-06-17T11:56:12.909Z"}}, {"model": "store.orderitem", "pk": 158, "fields": {"product": 3, "order": 17, "quantity": 10, "data_added": "2020-06-17T11:56:12.920Z"}}, {"model": "store.orderitem", "pk": 159, "fields": {"product": 2, "order": 17, "quantity": 9, "data_added": "2020-06-17T11:56:12.927Z"}}, {"model": "store.orderitem", "pk": 160, "fields": {"product": 2, "order": 17, "quantity": 5, "data_added": "2020-06-17T11:59:18.527Z"}}, {"model": "store.orderitem", "pk": 161, "fields": {"product": 3, "order": 17, "quantity": 10, "data_added": "2020-06-17T11:59:18.534Z"}}, {"model": "store.orderitem", "pk": 162, "fields": {"product": 2, "order": 17, "quantity": 9, "data_added": "2020-06-17T11:59:18.544Z"}}, {"model": "store.orderitem", "pk": 163, "fields": {"product": 2, "order": 17, "quantity": 5, "data_added": "2020-06-17T12:04:02.323Z"}}, {"model": "store.orderitem", "pk": 164, "fields": {"product": 3, "order": 17, "quantity": 10, "data_added": "2020-06-17T12:04:02.334Z"}}, {"model": "store.orderitem", "pk": 165, "fields": {"product": 2, "order": 17, "quantity": 9, "data_added": "2020-06-17T12:04:02.343Z"}}, {"model": "store.orderitem", "pk": 166, "fields": {"product": 2, "order": 17, "quantity": 5, "data_added": "2020-06-17T12:05:11.873Z"}}, {"model": "store.orderitem", "pk": 167, "fields": {"product": 3, "order": 17, "quantity": 10, "data_added": "2020-06-17T12:05:11.881Z"}}, {"model": "store.orderitem", "pk": 168, "fields": {"product": 2, "order": 17, "quantity": 9, "data_added": "2020-06-17T12:05:11.891Z"}}, {"model": "store.orderitem", "pk": 169, "fields": {"product": 2, "order": 17, "quantity": 5, "data_added": "2020-06-17T12:05:43.346Z"}}, {"model": "store.orderitem", "pk": 170, "fields": {"product": 3, "order": 17, "quantity": 10, "data_added": "2020-06-17T12:05:43.359Z"}}, {"model": "store.orderitem", "pk": 171, "fields": {"product": 2, "order": 17, "quantity": 9, "data_added": "2020-06-17T12:05:43.371Z"}}, {"model": "store.orderitem", "pk": 172, "fields": {"product": 2, "order": 17, "quantity": 5, "data_added": "2020-06-17T12:09:36.642Z"}}, {"model": "store.orderitem", "pk": 173, "fields": {"product": 3, "order": 17, "quantity": 10, "data_added": "2020-06-17T12:09:36.654Z"}}, {"model": "store.orderitem", "pk": 174, "fields": {"product": 2, "order": 17, "quantity": 9, "data_added": "2020-06-17T12:09:36.661Z"}}, {"model": "store.orderitem", "pk": 175, "fields": {"product": 2, "order": 17, "quantity": 5, "data_added": "2020-06-17T12:10:17.715Z"}}, {"model": "store.orderitem", "pk": 176, "fields": {"product": 3, "order": 17, "quantity": 10, "data_added": "2020-06-17T12:10:17.724Z"}}, {"model": "store.orderitem", "pk": 177, "fields": {"product": 2, "order": 17, "quantity": 9, "data_added": "2020-06-17T12:10:17.735Z"}}, {"model": "store.orderitem", "pk": 178, "fields": {"product": 2, "order": 19, "quantity": 5, "data_added": "2020-06-17T12:12:20.202Z"}}, {"model": "store.orderitem", "pk": 179, "fields": {"product": 3, "order": 19, "quantity": 10, "data_added": "2020-06-17T12:12:20.212Z"}}, {"model": "store.orderitem", "pk": 180, "fields": {"product": 2, "order": 19, "quantity": 9, "data_added": "2020-06-17T12:12:20.220Z"}}, {"model": "store.orderitem", "pk": 181, "fields": {"product": 2, "order": 20, "quantity": 5, "data_added": "2020-06-17T12:13:54.744Z"}}, {"model": "store.orderitem", "pk": 182, "fields": {"product": 3, "order": 20, "quantity": 10, "data_added": "2020-06-17T12:13:54.755Z"}}, {"model": "store.orderitem", "pk": 183, "fields": {"product": 2, "order": 20, "quantity": 9, "data_added": "2020-06-17T12:13:54.763Z"}}, {"model": "store.orderitem", "pk": 184, "fields": {"product": 2, "order": 21, "quantity": 1, "data_added": "2020-06-17T12:19:37.845Z"}}, {"model": "store.orderitem", "pk": 185, "fields": {"product": 2, "order": 22, "quantity": 1, "data_added": "2020-06-17T12:28:12.451Z"}}, {"model": "store.orderitem", "pk": 186, "fields": {"product": 2, "order": 23, "quantity": 1, "data_added": "2020-06-17T12:28:25.773Z"}}, {"model": "store.orderitem", "pk": 187, "fields": {"product": 2, "order": 24, "quantity": 1, "data_added": "2020-06-17T12:30:41.365Z"}}, {"model": "store.orderitem", "pk": 188, "fields": {"product": 1, "order": 25, "quantity": 1, "data_added": "2020-06-17T12:36:07.716Z"}}, {"model": "store.orderitem", "pk": 189, "fields": {"product": 1, "order": 26, "quantity": 2, "data_added": "2020-06-17T13:21:45.452Z"}}, {"model": "store.orderitem", "pk": 191, "fields": {"product": 3, "order": 26, "quantity": 2, "data_added": "2020-06-17T14:24:39.359Z"}}, {"model": "store.orderitem", "pk": 194, "fields": {"product": 2, "order": 27, "quantity": 2, "data_added": "2020-06-17T17:18:41.938Z"}}, {"model": "store.orderitem", "pk": 195, "fields": {"product": 3, "order": 27, "quantity": 1, "data_added": "2020-06-17T17:18:45.306Z"}}, {"model": "store.orderitem", "pk": 196, "fields": {"product": 1, "order": 27, "quantity": 2, "data_added": "2020-06-17T17:18:49.162Z"}}, {"model": "store.orderitem", "pk": 198, "fields": {"product": 1, "order": 28, "quantity": 2, "data_added": "2020-06-22T12:53:47.168Z"}}, {"model": "store.orderitem", "pk": 199, "fields": {"product": 1, "order": 28, "quantity": 2, "data_added": "2020-06-22T12:54:20.419Z"}}, {"model": "store.orderitem", "pk": 200, "fields": {"product": 4, "order": 28, "quantity": 1, "data_added": "2020-06-22T12:54:37.103Z"}}, {"model": "store.orderitem", "pk": 201, "fields": {"product": 3, "order": null, "quantity": 2, "data_added": "2020-06-22T13:08:15.380Z"}}, {"model": "store.orderitem", "pk": 202, "fields": {"product": 1, "order": null, "quantity": 1, "data_added": "2020-06-22T13:08:22.168Z"}}, {"model": "store.orderitem", "pk": 203, "fields": {"product": 1, "order": null, "quantity": 2, "data_added": "2020-06-22T13:45:24.041Z"}}, {"model": "store.orderitem", "pk": 204, "fields": {"product": 4, "order": 27, "quantity": 1, "data_added": "2020-06-22T14:42:43.761Z"}}, {"model": "store.orderitem", "pk": 205, "fields": {"product": 3, "order": 27, "quantity": 2, "data_added": "2020-06-22T14:42:47.626Z"}}, {"model": "store.orderitem", "pk": 206, "fields": {"product": 1, "order": 27, "quantity": 2, "data_added": "2020-06-22T14:42:49.731Z"}}, {"model": "store.orderitem", "pk": 207, "fields": {"product": 3, "order": null, "quantity": 2, "data_added": "2020-06-22T14:43:53.845Z"}}, {"model": "store.orderitem", "pk": 208, "fields": {"product": 1, "order": null, "quantity": 3, "data_added": "2020-06-22T14:43:56.056Z"}}, {"model": "store.orderitem", "pk": 209, "fields": {"product": 1, "order": null, "quantity": 7, "data_added": "2020-06-22T17:45:56.596Z"}}, {"model": "store.orderitem", "pk": 210, "fields": {"product": 3, "order": null, "quantity": 2, "data_added": "2020-06-22T17:46:00.775Z"}}, {"model": "store.orderitem", "pk": 211, "fields": {"product": 1, "order": 34, "quantity": 2, "data_added": "2020-06-22T18:38:43.337Z"}}, {"model": "store.orderitem", "pk": 212, "fields": {"product": 4, "order": 34, "quantity": 1, "data_added": "2020-06-22T18:38:45.954Z"}}, {"model": "store.orderitem", "pk": 213, "fields": {"product": 1, "order": 35, "quantity": 0, "data_added": "2020-06-22T18:39:46.249Z"}}, {"model": "store.orderitem", "pk": 214, "fields": {"product": 1, "order": 35, "quantity": 1, "data_added": "2020-06-22T18:39:48.403Z"}}, {"model": "store.orderitem", "pk": 215, "fields": {"product": 2, "order": 37, "quantity": 2, "data_added": "2020-06-22T19:34:15.861Z"}}, {"model": "store.orderitem", "pk": 216, "fields": {"product": 2, "order": 37, "quantity": 1, "data_added": "2020-06-22T19:34:25.064Z"}}, {"model": "store.orderitem", "pk": 218, "fields": {"product": 1, "order": 41, "quantity": 7, "data_added": "2020-07-15T12:25:54.190Z"}}, {"model": "store.orderitem", "pk": 219, "fields": {"product": 1, "order": 42, "quantity": 5, "data_added": "2020-07-15T13:18:04.812Z"}}, {"model": "store.orderitem", "pk": 220, "fields": {"product": 3, "order": 42, "quantity": 4, "data_added": "2020-07-15T13:32:20.320Z"}}, {"model": "store.orderitem", "pk": 221, "fields": {"product": 4, "order": 42, "quantity": 3, "data_added": "2020-07-15T13:32:23.283Z"}}, {"model": "store.orderitem", "pk": 222, "fields": {"product": 1, "order": 43, "quantity": 5, "data_added": "2020-07-15T13:44:16.298Z"}}, {"model": "store.orderitem", "pk": 223, "fields": {"product": 1, "order": 44, "quantity": 3, "data_added": "2020-07-15T14:21:55.726Z"}}, {"model": "store.orderitem", "pk": 224, "fields": {"product": 4, "order": 44, "quantity": 4, "data_added": "2020-07-15T14:21:59.912Z"}}, {"model": "store.orderitem", "pk": 225, "fields": {"product": 1, "order": 44, "quantity": 3, "data_added": "2020-07-15T14:22:12.648Z"}}, {"model": "store.orderitem", "pk": 226, "fields": {"product": 2, "order": 44, "quantity": 2, "data_added": "2020-07-15T14:22:13.819Z"}}, {"model": "store.orderitem", "pk": 227, "fields": {"product": 3, "order": 44, "quantity": 5, "data_added": "2020-07-15T14:22:14.962Z"}}, {"model": "store.orderitem", "pk": 228, "fields": {"product": 2, "order": 43, "quantity": 1, "data_added": "2020-07-15T17:09:44.574Z"}}, {"model": "store.orderitem", "pk": 229, "fields": {"product": 3, "order": 43, "quantity": 1, "data_added": "2020-07-15T17:09:46.112Z"}}, {"model": "store.orderitem", "pk": 230, "fields": {"product": 4, "order": 43, "quantity": 1, "data_added": "2020-07-15T17:09:46.992Z"}}, {"model": "store.orderitem", "pk": 231, "fields": {"product": 1, "order": 46, "quantity": 2, "data_added": "2020-07-15T18:30:27.305Z"}}, {"model": "store.orderitem", "pk": 234, "fields": {"product": 2, "order": 47, "quantity": 3, "data_added": "2020-07-15T18:35:24.874Z"}}, {"model": "store.orderitem", "pk": 266, "fields": {"product": 2, "order": 45, "quantity": 3, "data_added": "2020-07-15T19:35:52.339Z"}}, {"model": "store.orderitem", "pk": 267, "fields": {"product": 1, "order": 48, "quantity": 3, "data_added": "2020-07-16T15:59:48.657Z"}}, {"model": "store.orderitem", "pk": 269, "fields": {"product": 2, "order": 49, "quantity": 38, "data_added": "2020-07-16T19:35:43.024Z"}}, {"model": "store.orderitem", "pk": 270, "fields": {"product": 3, "order": 49, "quantity": 44, "data_added": "2020-07-16T19:35:43.032Z"}}, {"model": "store.orderitem", "pk": 271, "fields": {"product": 3, "order": 48, "quantity": 4, "data_added": "2020-07-16T20:08:29.532Z"}}, {"model": "store.orderitem", "pk": 272, "fields": {"product": 4, "order": 48, "quantity": 2, "data_added": "2020-07-16T20:08:32.661Z"}}, {"model": "store.orderitem", "pk": 273, "fields": {"product": 1, "order": 50, "quantity": 4, "data_added": "2020-07-16T20:11:07.675Z"}}, {"model": "store.orderitem", "pk": 274, "fields": {"product": 2, "order": 50, "quantity": 1, "data_added": "2020-07-16T20:11:07.683Z"}}, {"model": "store.orderitem", "pk": 275, "fields": {"product": 4, "order": 50, "quantity": 3, "data_added": "2020-07-16T20:11:07.691Z"}}, {"model": "store.orderitem", "pk": 276, "fields": {"product": 1, "order": 51, "quantity": 4, "data_added": "2020-07-16T20:12:23.374Z"}}, {"model": "store.orderitem", "pk": 277, "fields": {"product": 2, "order": 51, "quantity": 1, "data_added": "2020-07-16T20:12:23.380Z"}}, {"model": "store.orderitem", "pk": 278, "fields": {"product": 4, "order": 51, "quantity": 3, "data_added": "2020-07-16T20:12:23.387Z"}}, {"model": "store.orderitem", "pk": 279, "fields": {"product": 1, "order": 48, "quantity": 1, "data_added": "2020-07-16T20:13:11.813Z"}}, {"model": "store.orderitem", "pk": 280, "fields": {"product": 2, "order": 48, "quantity": 1, "data_added": "2020-07-16T20:13:12.699Z"}}, {"model": "store.orderitem", "pk": 281, "fields": {"product": 3, "order": 48, "quantity": 1, "data_added": "2020-07-16T20:13:13.584Z"}}, {"model": "store.orderitem", "pk": 282, "fields": {"product": 4, "order": 48, "quantity": 1, "data_added": "2020-07-16T20:13:14.658Z"}}, {"model": "store.orderitem", "pk": 283, "fields": {"product": 1, "order": 52, "quantity": 4, "data_added": "2020-07-16T20:14:20.732Z"}}, {"model": "store.orderitem", "pk": 284, "fields": {"product": 2, "order": 52, "quantity": 1, "data_added": "2020-07-16T20:14:20.739Z"}}, {"model": "store.orderitem", "pk": 285, "fields": {"product": 4, "order": 52, "quantity": 3, "data_added": "2020-07-16T20:14:20.745Z"}}, {"model": "store.orderitem", "pk": 286, "fields": {"product": 2, "order": 46, "quantity": 4, "data_added": "2020-07-17T11:53:51.457Z"}}, {"model": "store.orderitem", "pk": 287, "fields": {"product": 2, "order": 46, "quantity": 1, "data_added": "2020-07-17T15:45:10.124Z"}}, {"model": "store.shippingaddress", "pk": 17, "fields": {"costumer": 8, "order": 25, "address": "Doctor trueta", "city": "Barcelona", "state": "Catalu\u00f1a", "zipcode": "08005", "date_added": "2020-06-17T12:36:13.216Z"}}, {"model": "store.shippingaddress", "pk": 18, "fields": {"costumer": 8, "order": 26, "address": "Doctor trueta", "city": "Barcelona", "state": "Catalu\u00f1a", "zipcode": "08005", "date_added": "2020-06-17T13:22:28.542Z"}}, {"model": "store.shippingaddress", "pk": 19, "fields": {"costumer": 8, "order": 27, "address": "Doctor trueta", "city": "Barcelona", "state": "Catalu\u00f1a", "zipcode": "08005", "date_added": "2020-06-17T17:19:06.230Z"}}, {"model": "store.shippingaddress", "pk": 23, "fields": {"costumer": 13, "order": 34, "address": "Doctor trueta", "city": "Barcelona", "state": "Barcelona", "zipcode": "08005", "date_added": "2020-06-22T18:38:52.417Z"}}, {"model": "store.shippingaddress", "pk": 24, "fields": {"costumer": 13, "order": 35, "address": "Doctor trueta", "city": "Barcelona", "state": "Barcelona", "zipcode": "08005", "date_added": "2020-06-22T19:03:43.714Z"}}, {"model": "store.shippingaddress", "pk": 25, "fields": {"costumer": 14, "order": 37, "address": "Doctor trueta", "city": "Barcelona", "state": "Catalu\u00f1a", "zipcode": "08005", "date_added": "2020-06-22T19:34:43.927Z"}}, {"model": "store.shippingaddress", "pk": 26, "fields": {"costumer": 18, "order": 41, "address": "Doctor trueta", "city": "Barcelona", "state": "Catalu\u00f1a", "zipcode": "08005", "date_added": "2020-07-15T13:16:13.780Z"}}, {"model": "store.shippingaddress", "pk": 27, "fields": {"costumer": 20, "order": 44, "address": "Doctor trueta", "city": "Barcelona", "state": "Catalu\u00f1a", "zipcode": "08005", "date_added": "2020-07-15T14:22:59.847Z"}}, {"model": "store.shippingaddress", "pk": 28, "fields": {"costumer": 21, "order": 45, "address": "Doctor trueta", "city": "Barcelona", "state": "Catalu\u00f1a", "zipcode": "08005", "date_added": "2020-07-15T19:38:38.289Z"}}, {"model": "store.shippingaddress", "pk": 29, "fields": {"costumer": 21, "order": 48, "address": "Doctor trueta", "city": "Barcelona", "state": "Catalu\u00f1a", "zipcode": "08005", "date_added": "2020-07-16T20:13:42.070Z"}}, {"model": "store.shippingaddress", "pk": 30, "fields": {"costumer": 22, "order": 46, "address": "Doctor trueta", "city": "Barcelona", "state": "Catalu\u00f1a", "zipcode": "08005", "date_added": "2020-07-17T15:31:00.017Z"}}, {"model": "auth.permission", "pk": 1, "fields": {"name": "Can add log entry", "content_type": 1, "codename": "add_logentry"}}, {"model": "auth.permission", "pk": 2, "fields": {"name": "Can change log entry", "content_type": 1, "codename": "change_logentry"}}, {"model": "auth.permission", "pk": 3, "fields": {"name": "Can delete log entry", "content_type": 1, "codename": "delete_logentry"}}, {"model": "auth.permission", "pk": 4, "fields": {"name": "Can view log entry", "content_type": 1, "codename": "view_logentry"}}, {"model": "auth.permission", "pk": 5, "fields": {"name": "Can add permission", "content_type": 2, "codename": "add_permission"}}, {"model": "auth.permission", "pk": 6, "fields": {"name": "Can change permission", "content_type": 2, "codename": "change_permission"}}, {"model": "auth.permission", "pk": 7, "fields": {"name": "Can delete permission", "content_type": 2, "codename": "delete_permission"}}, {"model": "auth.permission", "pk": 8, "fields": {"name": "Can view permission", "content_type": 2, "codename": "view_permission"}}, {"model": "auth.permission", "pk": 9, "fields": {"name": "Can add group", "content_type": 3, "codename": "add_group"}}, {"model": "auth.permission", "pk": 10, "fields": {"name": "Can change group", "content_type": 3, "codename": "change_group"}}, {"model": "auth.permission", "pk": 11, "fields": {"name": "Can delete group", "content_type": 3, "codename": "delete_group"}}, {"model": "auth.permission", "pk": 12, "fields": {"name": "Can view group", "content_type": 3, "codename": "view_group"}}, {"model": "auth.permission", "pk": 13, "fields": {"name": "Can add user", "content_type": 4, "codename": "add_user"}}, {"model": "auth.permission", "pk": 14, "fields": {"name": "Can change user", "content_type": 4, "codename": "change_user"}}, {"model": "auth.permission", "pk": 15, "fields": {"name": "Can delete user", "content_type": 4, "codename": "delete_user"}}, {"model": "auth.permission", "pk": 16, "fields": {"name": "Can view user", "content_type": 4, "codename": "view_user"}}, {"model": "auth.permission", "pk": 17, "fields": {"name": "Can add content type", "content_type": 5, "codename": "add_contenttype"}}, {"model": "auth.permission", "pk": 18, "fields": {"name": "Can change content type", "content_type": 5, "codename": "change_contenttype"}}, {"model": "auth.permission", "pk": 19, "fields": {"name": "Can delete content type", "content_type": 5, "codename": "delete_contenttype"}}, {"model": "auth.permission", "pk": 20, "fields": {"name": "Can view content type", "content_type": 5, "codename": "view_contenttype"}}, {"model": "auth.permission", "pk": 21, "fields": {"name": "Can add session", "content_type": 6, "codename": "add_session"}}, {"model": "auth.permission", "pk": 22, "fields": {"name": "Can change session", "content_type": 6, "codename": "change_session"}}, {"model": "auth.permission", "pk": 23, "fields": {"name": "Can delete session", "content_type": 6, "codename": "delete_session"}}, {"model": "auth.permission", "pk": 24, "fields": {"name": "Can view session", "content_type": 6, "codename": "view_session"}}, {"model": "auth.permission", "pk": 25, "fields": {"name": "Can add costumer", "content_type": 7, "codename": "add_costumer"}}, {"model": "auth.permission", "pk": 26, "fields": {"name": "Can change costumer", "content_type": 7, "codename": "change_costumer"}}, {"model": "auth.permission", "pk": 27, "fields": {"name": "Can delete costumer", "content_type": 7, "codename": "delete_costumer"}}, {"model": "auth.permission", "pk": 28, "fields": {"name": "Can view costumer", "content_type": 7, "codename": "view_costumer"}}, {"model": "auth.permission", "pk": 29, "fields": {"name": "Can add product", "content_type": 8, "codename": "add_product"}}, {"model": "auth.permission", "pk": 30, "fields": {"name": "Can change product", "content_type": 8, "codename": "change_product"}}, {"model": "auth.permission", "pk": 31, "fields": {"name": "Can delete product", "content_type": 8, "codename": "delete_product"}}, {"model": "auth.permission", "pk": 32, "fields": {"name": "Can view product", "content_type": 8, "codename": "view_product"}}, {"model": "auth.permission", "pk": 33, "fields": {"name": "Can add order item", "content_type": 9, "codename": "add_orderitem"}}, {"model": "auth.permission", "pk": 34, "fields": {"name": "Can change order item", "content_type": 9, "codename": "change_orderitem"}}, {"model": "auth.permission", "pk": 35, "fields": {"name": "Can delete order item", "content_type": 9, "codename": "delete_orderitem"}}, {"model": "auth.permission", "pk": 36, "fields": {"name": "Can view order item", "content_type": 9, "codename": "view_orderitem"}}, {"model": "auth.permission", "pk": 37, "fields": {"name": "Can add order", "content_type": 10, "codename": "add_order"}}, {"model": "auth.permission", "pk": 38, "fields": {"name": "Can change order", "content_type": 10, "codename": "change_order"}}, {"model": "auth.permission", "pk": 39, "fields": {"name": "Can delete order", "content_type": 10, "codename": "delete_order"}}, {"model": "auth.permission", "pk": 40, "fields": {"name": "Can view order", "content_type": 10, "codename": "view_order"}}, {"model": "auth.permission", "pk": 41, "fields": {"name": "Can add shipping address", "content_type": 11, "codename": "add_shippingaddress"}}, {"model": "auth.permission", "pk": 42, "fields": {"name": "Can change shipping address", "content_type": 11, "codename": "change_shippingaddress"}}, {"model": "auth.permission", "pk": 43, "fields": {"name": "Can delete shipping address", "content_type": 11, "codename": "delete_shippingaddress"}}, {"model": "auth.permission", "pk": 44, "fields": {"name": "Can view shipping address", "content_type": 11, "codename": "view_shippingaddress"}}, {"model": "auth.user", "pk": 1, "fields": {"password": "pbkdf2_sha256$180000$SJOPlr4mR3zk$7+WnhVK0wqM7nSflgEFRbL1hOSglsyJDFuUjp1YDOdg=", "last_login": "2020-07-17T09:46:39.361Z", "is_superuser": true, "username": "gonza", "first_name": "", "last_name": "", "email": "manilox33@gmail.com", "is_staff": true, "is_active": true, "date_joined": "2020-06-12T17:43:24.996Z", "groups": [], "user_permissions": []}}, {"model": "auth.user", "pk": 2, "fields": {"password": "pbkdf2_sha256$180000$3LdUjRliIPj8$8kAD+X5ihBvIsvUBSi2RVK+Wfv7qpQ3AzU5Iw/L0bZY=", "last_login": "2020-06-22T19:03:27.661Z", "is_superuser": false, "username": "Hector", "first_name": "", "last_name": "", "email": "hector@gmail.com", "is_staff": false, "is_active": true, "date_joined": "2020-06-22T18:35:19.951Z", "groups": [], "user_permissions": []}}, {"model": "auth.user", "pk": 3, "fields": {"password": "pbkdf2_sha256$180000$dS9ms6xIuW5X$k1yh2U/juM0uxutWURX5P/WfAT6qeL4JI2Gap8pgODg=", "last_login": "2020-07-14T11:20:33.050Z", "is_superuser": false, "username": "Iaia", "first_name": "", "last_name": "", "email": "iaia@gmail.com", "is_staff": false, "is_active": true, "date_joined": "2020-06-22T19:33:28.519Z", "groups": [], "user_permissions": []}}, {"model": "auth.user", "pk": 4, "fields": {"password": "pbkdf2_sha256$180000$jvUIDxOlU7OU$e4RSnqihUB9td9Lxo2bV3jo+Y8FE0QkcGX9TzRG/8SY=", "last_login": "2020-07-14T12:54:40.287Z", "is_superuser": false, "username": "Benito", "first_name": "", "last_name": "", "email": "benitocamela@gmail.com", "is_staff": false, "is_active": true, "date_joined": "2020-07-14T12:54:25.156Z", "groups": [], "user_permissions": []}}, {"model": "auth.user", "pk": 5, "fields": {"password": "pbkdf2_sha256$180000$0CxtAeSPahlY$NpD6aP71Ploq4EyBjOSZTDl9kkvVhlYNpwRWH1R51Wg=", "last_login": "2020-07-14T12:56:47.029Z", "is_superuser": false, "username": "Tontaco", "first_name": "", "last_name": "", "email": "tonto@gmail.com", "is_staff": false, "is_active": true, "date_joined": "2020-07-14T12:56:34.328Z", "groups": [], "user_permissions": []}}, {"model": "auth.user", "pk": 6, "fields": {"password": "pbkdf2_sha256$180000$QSDvTiB007b2$RYM3fXcaDDRPBdpafJd0DOXdL6D8Xb5d2DtEIJbqhZo=", "last_login": "2020-07-14T13:03:18.086Z", "is_superuser": false, "username": "mame", "first_name": "", "last_name": "", "email": "mame@gmail.com", "is_staff": false, "is_active": true, "date_joined": "2020-07-14T13:03:06.858Z", "groups": [], "user_permissions": []}}, {"model": "auth.user", "pk": 7, "fields": {"password": "pbkdf2_sha256$180000$0QOrVGqROQfL$EdqNbUhE+CYx+Px2va44JABc1YplYOA5llVfeM8OPZk=", "last_login": "2020-07-15T13:31:57.119Z", "is_superuser": false, "username": "moco", "first_name": "", "last_name": "", "email": "moco@gmail.com", "is_staff": false, "is_active": true, "date_joined": "2020-07-14T13:06:22.882Z", "groups": [], "user_permissions": []}}, {"model": "auth.user", "pk": 8, "fields": {"password": "pbkdf2_sha256$180000$CfCtANYZliQ6$dS1cdwZFafdBd7ZYBVWiapvqq6GdyCZBQ/Edlf9ScJo=", "last_login": null, "is_superuser": false, "username": "tontaco", "first_name": "", "last_name": "", "email": "trilasu@gmail.com", "is_staff": false, "is_active": true, "date_joined": "2020-07-15T13:37:59.421Z", "groups": [], "user_permissions": []}}, {"model": "auth.user", "pk": 9, "fields": {"password": "pbkdf2_sha256$180000$wKBl7KFoJiAo$2nFH/GlUBVd7PUOzSyM8QrhkvqNfI5WYmhuaalNwiz8=", "last_login": "2020-07-17T18:42:42.192Z", "is_superuser": false, "username": "hola", "first_name": "", "last_name": "", "email": "hola@gmail.com", "is_staff": false, "is_active": true, "date_joined": "2020-07-15T13:43:35.875Z", "groups": [], "user_permissions": []}}, {"model": "auth.user", "pk": 10, "fields": {"password": "pbkdf2_sha256$180000$zaWwbEIzkMOx$ELoNkUID4GqTuqF4etXgjgPGgmaxxwzS4iD66ZNvNb0=", "last_login": null, "is_superuser": false, "username": "tontaso", "first_name": "", "last_name": "", "email": "tontaso@gmail.com", "is_staff": false, "is_active": true, "date_joined": "2020-07-15T14:10:23.867Z", "groups": [], "user_permissions": []}}, {"model": "auth.user", "pk": 11, "fields": {"password": "pbkdf2_sha256$180000$c5RYqObhaOBD$JlNjW4LynTQebIAbQBmLwDykToYleymfp6GPzXbovRU=", "last_login": "2020-07-15T14:21:31.245Z", "is_superuser": false, "username": "Tutu", "first_name": "", "last_name": "", "email": "tutu@gmail.com", "is_staff": false, "is_active": true, "date_joined": "2020-07-15T14:21:30.790Z", "groups": [], "user_permissions": []}}, {"model": "store.costumer", "pk": 8, "fields": {"user": null, "email": null, "name": null, "isguest": false}}, {"model": "store.costumer", "pk": 13, "fields": {"user": null, "email": null, "name": null, "isguest": false}}, {"model": "store.costumer", "pk": 14, "fields": {"user": null, "email": null, "name": null, "isguest": false}}, {"model": "store.costumer", "pk": 15, "fields": {"user": null, "email": null, "name": null, "isguest": false}}, {"model": "store.costumer", "pk": 16, "fields": {"user": null, "email": null, "name": null, "isguest": false}}, {"model": "store.costumer", "pk": 17, "fields": {"user": null, "email": null, "name": null, "isguest": false}}, {"model": "store.costumer", "pk": 18, "fields": {"user": null, "email": null, "name": null, "isguest": false}}, {"model": "store.costumer", "pk": 19, "fields": {"user": null, "email": null, "name": null, "isguest": false}}, {"model": "store.costumer", "pk": 20, "fields": {"user": null, "email": null, "name": null, "isguest": false}}, {"model": "store.costumer", "pk": 21, "fields": {"user": 9, "email": "hola@gmail.com", "name": null, "isguest": false}}, {"model": "store.costumer", "pk": 22, "fields": {"user": 1, "email": "manilox33@gmail.com", "name": null, "isguest": false}}, {"model": "store.costumer", "pk": 23, "fields": {"user": 4, "email": "benitocamela@gmail.com", "name": null, "isguest": false}}, {"model": "store.costumer", "pk": 24, "fields": {"user": null, "email": "tro@gmail.com", "name": "tonto", "isguest": true}}, {"model": "store.costumer", "pk": 25, "fields": {"user": null, "email": "manel@gonzalezescrig.com", "name": "Manel Gonzalez", "isguest": true}}, {"model": "store.costumer", "pk": 26, "fields": {"user": null, "email": "manilox33@gmail.com", "name": "Manel Gonzalez", "isguest": true}}, {"model": "admin.logentry", "pk": 1, "fields": {"action_time": "2020-06-12T17:45:45.655Z", "user": 1, "content_type": 8, "object_id": "1", "object_repr": "Raqueta", "action_flag": 1, "change_message": "[{\"added\": {}}]"}}, {"model": "admin.logentry", "pk": 2, "fields": {"action_time": "2020-06-12T17:46:04.830Z", "user": 1, "content_type": 8, "object_id": "2", "object_repr": "boya", "action_flag": 1, "change_message": "[{\"added\": {}}]"}}, {"model": "admin.logentry", "pk": 3, "fields": {"action_time": "2020-06-12T17:46:21.858Z", "user": 1, "content_type": 8, "object_id": "2", "object_repr": "boya", "action_flag": 2, "change_message": "[]"}}, {"model": "admin.logentry", "pk": 4, "fields": {"action_time": "2020-06-12T17:46:23.382Z", "user": 1, "content_type": 8, "object_id": "2", "object_repr": "boya", "action_flag": 2, "change_message": "[]"}}, {"model": "admin.logentry", "pk": 5, "fields": {"action_time": "2020-06-12T17:46:26.978Z", "user": 1, "content_type": 8, "object_id": "2", "object_repr": "boya", "action_flag": 2, "change_message": "[]"}}, {"model": "admin.logentry", "pk": 6, "fields": {"action_time": "2020-06-12T17:46:36.645Z", "user": 1, "content_type": 8, "object_id": "3", "object_repr": "bolo", "action_flag": 1, "change_message": "[{\"added\": {}}]"}}, {"model": "admin.logentry", "pk": 7, "fields": {"action_time": "2020-06-12T18:41:30.994Z", "user": 1, "content_type": 7, "object_id": "1", "object_repr": "Manilox", "action_flag": 1, "change_message": "[{\"added\": {}}]"}}, {"model": "admin.logentry", "pk": 8, "fields": {"action_time": "2020-06-12T18:42:07.398Z", "user": 1, "content_type": 10, "object_id": "1", "object_repr": "Order object (1)", "action_flag": 1, "change_message": "[{\"added\": {}}]"}}, {"model": "admin.logentry", "pk": 9, "fields": {"action_time": "2020-06-12T18:42:59.593Z", "user": 1, "content_type": 9, "object_id": "1", "object_repr": "OrderItem object (1)", "action_flag": 1, "change_message": "[{\"added\": {}}]"}}, {"model": "admin.logentry", "pk": 10, "fields": {"action_time": "2020-06-12T19:30:10.176Z", "user": 1, "content_type": 9, "object_id": "2", "object_repr": "OrderItem object (2)", "action_flag": 1, "change_message": "[{\"added\": {}}]"}}, {"model": "admin.logentry", "pk": 11, "fields": {"action_time": "2020-06-12T20:01:45.315Z", "user": 1, "content_type": 9, "object_id": "3", "object_repr": "OrderItem object (3)", "action_flag": 1, "change_message": "[{\"added\": {}}]"}}, {"model": "admin.logentry", "pk": 12, "fields": {"action_time": "2020-06-12T20:14:53.881Z", "user": 1, "content_type": 10, "object_id": "1", "object_repr": "Order object (1)", "action_flag": 2, "change_message": "[{\"changed\": {\"fields\": [\"Complete\"]}}]"}}, {"model": "admin.logentry", "pk": 13, "fields": {"action_time": "2020-06-12T20:39:27.982Z", "user": 1, "content_type": 10, "object_id": "1", "object_repr": "Order object (1)", "action_flag": 2, "change_message": "[{\"changed\": {\"fields\": [\"Complete\"]}}]"}}, {"model": "admin.logentry", "pk": 14, "fields": {"action_time": "2020-06-12T20:39:58.347Z", "user": 1, "content_type": 10, "object_id": "2", "object_repr": "Order object (2)", "action_flag": 2, "change_message": "[{\"changed\": {\"fields\": [\"Complete\", \"Transaction id\"]}}]"}}, {"model": "admin.logentry", "pk": 15, "fields": {"action_time": "2020-06-16T15:39:50.066Z", "user": 1, "content_type": 7, "object_id": "2", "object_repr": "Manel Gonzalez", "action_flag": 3, "change_message": ""}}, {"model": "admin.logentry", "pk": 16, "fields": {"action_time": "2020-06-16T15:40:00.712Z", "user": 1, "content_type": 7, "object_id": "3", "object_repr": "Manel Gonzalez", "action_flag": 3, "change_message": ""}}, {"model": "admin.logentry", "pk": 17, "fields": {"action_time": "2020-06-16T15:47:51.846Z", "user": 1, "content_type": 7, "object_id": "1", "object_repr": "Manilox", "action_flag": 2, "change_message": "[{\"changed\": {\"fields\": [\"Isguest\"]}}]"}}, {"model": "admin.logentry", "pk": 18, "fields": {"action_time": "2020-06-16T15:48:06.583Z", "user": 1, "content_type": 7, "object_id": "4", "object_repr": "Manel Gonzalez", "action_flag": 3, "change_message": ""}}, {"model": "admin.logentry", "pk": 19, "fields": {"action_time": "2020-06-16T15:50:01.043Z", "user": 1, "content_type": 7, "object_id": "5", "object_repr": "Manel Gonzalez", "action_flag": 3, "change_message": ""}}, {"model": "admin.logentry", "pk": 20, "fields": {"action_time": "2020-06-16T15:52:30.255Z", "user": 1, "content_type": 7, "object_id": "6", "object_repr": "Manel Gonzalez", "action_flag": 2, "change_message": "[{\"changed\": {\"fields\": [\"Isguest\"]}}]"}}, {"model": "admin.logentry", "pk": 21, "fields": {"action_time": "2020-06-17T12:35:31.911Z", "user": 1, "content_type": 7, "object_id": "1", "object_repr": "Manilox", "action_flag": 3, "change_message": ""}}, {"model": "admin.logentry", "pk": 22, "fields": {"action_time": "2020-06-17T12:35:48.822Z", "user": 1, "content_type": 7, "object_id": "8", "object_repr": "Manel Gonzalez", "action_flag": 1, "change_message": "[{\"added\": {}}]"}}, {"model": "admin.logentry", "pk": 23, "fields": {"action_time": "2020-06-19T09:31:14.072Z", "user": 1, "content_type": 8, "object_id": "4", "object_repr": "BTC", "action_flag": 2, "change_message": "[{\"changed\": {\"fields\": [\"Image\"]}}]"}}, {"model": "admin.logentry", "pk": 24, "fields": {"action_time": "2020-06-22T11:01:55.333Z", "user": 1, "content_type": 7, "object_id": "7", "object_repr": "", "action_flag": 3, "change_message": ""}}, {"model": "admin.logentry", "pk": 25, "fields": {"action_time": "2020-06-22T11:05:28.648Z", "user": 1, "content_type": 4, "object_id": "3", "object_repr": "Diego", "action_flag": 1, "change_message": "[{\"added\": {}}]"}}, {"model": "admin.logentry", "pk": 26, "fields": {"action_time": "2020-06-22T18:06:06.312Z", "user": 1, "content_type": 10, "object_id": "33", "object_repr": "Order object (33)", "action_flag": 3, "change_message": ""}}, {"model": "admin.logentry", "pk": 27, "fields": {"action_time": "2020-06-22T18:06:22.285Z", "user": 1, "content_type": 4, "object_id": "12", "object_repr": "", "action_flag": 3, "change_message": ""}}, {"model": "admin.logentry", "pk": 28, "fields": {"action_time": "2020-06-22T18:07:02.631Z", "user": 1, "content_type": 4, "object_id": "10", "object_repr": "trolasun", "action_flag": 3, "change_message": ""}}, {"model": "admin.logentry", "pk": 29, "fields": {"action_time": "2020-06-22T18:12:01.254Z", "user": 1, "content_type": 4, "object_id": "9", "object_repr": "trolasina", "action_flag": 3, "change_message": ""}}, {"model": "admin.logentry", "pk": 30, "fields": {"action_time": "2020-06-22T18:13:08.768Z", "user": 1, "content_type": 10, "object_id": "32", "object_repr": "Order object (32)", "action_flag": 3, "change_message": ""}}, {"model": "admin.logentry", "pk": 31, "fields": {"action_time": "2020-06-22T18:13:16.027Z", "user": 1, "content_type": 10, "object_id": "31", "object_repr": "Order object (31)", "action_flag": 3, "change_message": ""}}, {"model": "admin.logentry", "pk": 32, "fields": {"action_time": "2020-06-22T18:13:16.035Z", "user": 1, "content_type": 10, "object_id": "30", "object_repr": "Order object (30)", "action_flag": 3, "change_message": ""}}, {"model": "admin.logentry", "pk": 33, "fields": {"action_time": "2020-06-22T18:13:16.040Z", "user": 1, "content_type": 10, "object_id": "29", "object_repr": "Order object (29)", "action_flag": 3, "change_message": ""}}, {"model": "admin.logentry", "pk": 34, "fields": {"action_time": "2020-06-22T18:19:17.247Z", "user": 1, "content_type": 4, "object_id": "3", "object_repr": "Diego", "action_flag": 3, "change_message": ""}}, {"model": "admin.logentry", "pk": 35, "fields": {"action_time": "2020-06-22T18:19:17.261Z", "user": 1, "content_type": 4, "object_id": "2", "object_repr": "Manela", "action_flag": 3, "change_message": ""}}, {"model": "admin.logentry", "pk": 36, "fields": {"action_time": "2020-06-22T18:19:17.269Z", "user": 1, "content_type": 4, "object_id": "5", "object_repr": "Tontaco", "action_flag": 3, "change_message": ""}}, {"model": "admin.logentry", "pk": 37, "fields": {"action_time": "2020-06-22T18:19:17.275Z", "user": 1, "content_type": 4, "object_id": "14", "object_repr": "hector", "action_flag": 3, "change_message": ""}}, {"model": "admin.logentry", "pk": 38, "fields": {"action_time": "2020-06-22T18:19:17.283Z", "user": 1, "content_type": 4, "object_id": "13", "object_repr": "iaia", "action_flag": 3, "change_message": ""}}, {"model": "admin.logentry", "pk": 39, "fields": {"action_time": "2020-06-22T18:19:17.290Z", "user": 1, "content_type": 4, "object_id": "6", "object_repr": "manilo", "action_flag": 3, "change_message": ""}}, {"model": "admin.logentry", "pk": 40, "fields": {"action_time": "2020-06-22T18:19:17.297Z", "user": 1, "content_type": 4, "object_id": "7", "object_repr": "nenaza", "action_flag": 3, "change_message": ""}}, {"model": "admin.logentry", "pk": 41, "fields": {"action_time": "2020-06-22T18:19:17.305Z", "user": 1, "content_type": 4, "object_id": "4", "object_repr": "tontodd", "action_flag": 3, "change_message": ""}}, {"model": "admin.logentry", "pk": 42, "fields": {"action_time": "2020-06-22T18:19:17.312Z", "user": 1, "content_type": 4, "object_id": "11", "object_repr": "trilasu", "action_flag": 3, "change_message": ""}}, {"model": "admin.logentry", "pk": 43, "fields": {"action_time": "2020-06-22T18:19:17.320Z", "user": 1, "content_type": 4, "object_id": "8", "object_repr": "trolasa", "action_flag": 3, "change_message": ""}}, {"model": "admin.logentry", "pk": 44, "fields": {"action_time": "2020-07-14T10:42:58.203Z", "user": 1, "content_type": 7, "object_id": "6", "object_repr": "Manel Gonzalez", "action_flag": 3, "change_message": ""}}, {"model": "admin.logentry", "pk": 45, "fields": {"action_time": "2020-07-17T09:47:58.660Z", "user": 1, "content_type": 8, "object_id": "4", "object_repr": "BTC", "action_flag": 2, "change_message": "[{\"changed\": {\"fields\": [\"Image\"]}}]"}}, {"model": "admin.logentry", "pk": 46, "fields": {"action_time": "2020-07-17T09:48:09.869Z", "user": 1, "content_type": 8, "object_id": "4", "object_repr": "BTC", "action_flag": 2, "change_message": "[{\"changed\": {\"fields\": [\"Image\"]}}]"}}, {"model": "admin.logentry", "pk": 47, "fields": {"action_time": "2020-07-17T09:52:52.806Z", "user": 1, "content_type": 8, "object_id": "1", "object_repr": "Raqueta", "action_flag": 2, "change_message": "[]"}}, {"model": "admin.logentry", "pk": 48, "fields": {"action_time": "2020-07-17T09:52:59.775Z", "user": 1, "content_type": 8, "object_id": "3", "object_repr": "bolo", "action_flag": 2, "change_message": "[{\"changed\": {\"fields\": [\"Image\"]}}]"}}, {"model": "admin.logentry", "pk": 49, "fields": {"action_time": "2020-07-17T09:53:31.913Z", "user": 1, "content_type": 8, "object_id": "2", "object_repr": "boya", "action_flag": 2, "change_message": "[{\"changed\": {\"fields\": [\"Image\"]}}]"}}, {"model": "admin.logentry", "pk": 50, "fields": {"action_time": "2020-07-17T10:00:34.112Z", "user": 1, "content_type": 8, "object_id": "1", "object_repr": "Raqueta", "action_flag": 2, "change_message": "[{\"changed\": {\"fields\": [\"Image\"]}}]"}}, {"model": "admin.logentry", "pk": 51, "fields": {"action_time": "2020-07-17T10:31:21.958Z", "user": 1, "content_type": 8, "object_id": "2", "object_repr": "boya", "action_flag": 2, "change_message": "[{\"changed\": {\"fields\": [\"Image\"]}}]"}}, {"model": "admin.logentry", "pk": 52, "fields": {"action_time": "2020-07-17T10:31:34.687Z", "user": 1, "content_type": 8, "object_id": "2", "object_repr": "boya", "action_flag": 2, "change_message": "[{\"changed\": {\"fields\": [\"Image\"]}}]"}}]